"ecosystem","component","package","version","relationship","development_only","optional","licence_from_source","source_file","installation_path"
"Go","backend","github.com/davecgh/go-spew","v1.1.2-0.20180830191138-d8f796af33cc","transitive","false","false","Not recorded in go.mod","kubeview-backend/go.mod",""
"Go","backend","github.com/emicklei/go-restful/v3","v3.13.0","transitive","false","false","Not recorded in go.mod","kubeview-backend/go.mod",""
"Go","backend","github.com/fxamacker/cbor/v2","v2.9.0","transitive","false","false","Not recorded in go.mod","kubeview-backend/go.mod",""
"Go","backend","github.com/go-logr/logr","v1.4.3","transitive","false","false","Not recorded in go.mod","kubeview-backend/go.mod",""
"Go","backend","github.com/go-openapi/jsonpointer","v0.21.0","transitive","false","false","Not recorded in go.mod","kubeview-backend/go.mod",""
"Go","backend","github.com/go-openapi/jsonreference","v0.20.2","transitive","false","false","Not recorded in go.mod","kubeview-backend/go.mod",""
"Go","backend","github.com/go-openapi/swag","v0.23.0","transitive","false","false","Not recorded in go.mod","kubeview-backend/go.mod",""
"Go","backend","github.com/google/gnostic-models","v0.7.0","transitive","false","false","Not recorded in go.mod","kubeview-backend/go.mod",""
"Go","backend","github.com/google/uuid","v1.6.0","transitive","false","false","Not recorded in go.mod","kubeview-backend/go.mod",""
"Go","backend","github.com/josharian/intern","v1.0.0","transitive","false","false","Not recorded in go.mod","kubeview-backend/go.mod",""
"Go","backend","github.com/json-iterator/go","v1.1.12","transitive","false","false","Not recorded in go.mod","kubeview-backend/go.mod",""
"Go","backend","github.com/mailru/easyjson","v0.7.7","transitive","false","false","Not recorded in go.mod","kubeview-backend/go.mod",""
"Go","backend","github.com/modern-go/concurrent","v0.0.0-20180306012644-bacd9c7ef1dd","transitive","false","false","Not recorded in go.mod","kubeview-backend/go.mod",""
"Go","backend","github.com/modern-go/reflect2","v1.0.3-0.20250322232337-35a7c28c31ee","transitive","false","false","Not recorded in go.mod","kubeview-backend/go.mod",""
"Go","backend","github.com/munnerz/goautoneg","v0.0.0-20191010083416-a7dc8b61c822","transitive","false","false","Not recorded in go.mod","kubeview-backend/go.mod",""
"Go","backend","github.com/pmezard/go-difflib","v1.0.1-0.20181226105442-5d4384ee4fb2","transitive","false","false","Not recorded in go.mod","kubeview-backend/go.mod",""
"Go","backend","github.com/spf13/pflag","v1.0.10","transitive","false","false","Not recorded in go.mod","kubeview-backend/go.mod",""
"Go","backend","github.com/x448/float16","v0.8.4","transitive","false","false","Not recorded in go.mod","kubeview-backend/go.mod",""
"Go","backend","go.etcd.io/bbolt","v1.5.0","direct","false","false","Not recorded in go.mod","kubeview-backend/go.mod",""
"Go","backend","go.yaml.in/yaml/v2","v2.4.3","transitive","false","false","Not recorded in go.mod","kubeview-backend/go.mod",""
"Go","backend","go.yaml.in/yaml/v3","v3.0.4","transitive","false","false","Not recorded in go.mod","kubeview-backend/go.mod",""
"Go","backend","golang.org/x/net","v0.56.0","transitive","false","false","Not recorded in go.mod","kubeview-backend/go.mod",""
"Go","backend","golang.org/x/oauth2","v0.34.0","transitive","false","false","Not recorded in go.mod","kubeview-backend/go.mod",""
"Go","backend","golang.org/x/sys","v0.46.0","transitive","false","false","Not recorded in go.mod","kubeview-backend/go.mod",""
"Go","backend","golang.org/x/term","v0.44.0","transitive","false","false","Not recorded in go.mod","kubeview-backend/go.mod",""
"Go","backend","golang.org/x/text","v0.39.0","transitive","false","false","Not recorded in go.mod","kubeview-backend/go.mod",""
"Go","backend","golang.org/x/time","v0.14.0","transitive","false","false","Not recorded in go.mod","kubeview-backend/go.mod",""
"Go","backend","google.golang.org/protobuf","v1.36.12-0.20260120151049-f2248ac996af","transitive","false","false","Not recorded in go.mod","kubeview-backend/go.mod",""
"Go","backend","gopkg.in/evanphx/json-patch.v4","v4.13.0","transitive","false","false","Not recorded in go.mod","kubeview-backend/go.mod",""
"Go","backend","gopkg.in/inf.v0","v0.9.1","transitive","false","false","Not recorded in go.mod","kubeview-backend/go.mod",""
"Go","backend","gopkg.in/yaml.v3","v3.0.1","transitive","false","false","Not recorded in go.mod","kubeview-backend/go.mod",""
"Go","backend","k8s.io/api","v0.36.1","direct","false","false","Not recorded in go.mod","kubeview-backend/go.mod",""
"Go","backend","k8s.io/apimachinery","v0.36.1","direct","false","false","Not recorded in go.mod","kubeview-backend/go.mod",""
"Go","backend","k8s.io/client-go","v0.36.1","direct","false","false","Not recorded in go.mod","kubeview-backend/go.mod",""
"Go","backend","k8s.io/klog/v2","v2.140.0","transitive","false","false","Not recorded in go.mod","kubeview-backend/go.mod",""
"Go","backend","k8s.io/kube-openapi","v0.0.0-20260317180543-43fb72c5454a","transitive","false","false","Not recorded in go.mod","kubeview-backend/go.mod",""
"Go","backend","k8s.io/utils","v0.0.0-20260210185600-b8788abfbbc2","transitive","false","false","Not recorded in go.mod","kubeview-backend/go.mod",""
"Go","backend","sigs.k8s.io/json","v0.0.0-20250730193827-2d320260d730","transitive","false","false","Not recorded in go.mod","kubeview-backend/go.mod",""
"Go","backend","sigs.k8s.io/randfill","v1.0.0","transitive","false","false","Not recorded in go.mod","kubeview-backend/go.mod",""
"Go","backend","sigs.k8s.io/structured-merge-diff/v6","v6.3.2","transitive","false","false","Not recorded in go.mod","kubeview-backend/go.mod",""
"Go","backend","sigs.k8s.io/yaml","v1.6.0","transitive","false","false","Not recorded in go.mod","kubeview-backend/go.mod",""
"npm","end-to-end tests","@playwright/test","1.61.1","direct","true","false","Apache-2.0","kubeview-e2e/package-lock.json","node_modules/@playwright/test"
"npm","end-to-end tests","fsevents","2.3.2","transitive","true","true","MIT","kubeview-e2e/package-lock.json","node_modules/fsevents"
"npm","end-to-end tests","playwright","1.61.1","transitive","true","false","Apache-2.0","kubeview-e2e/package-lock.json","node_modules/playwright"
"npm","end-to-end tests","playwright-core","1.61.1","transitive","true","false","Apache-2.0","kubeview-e2e/package-lock.json","node_modules/playwright-core"
"npm","frontend","@adobe/css-tools","4.5.0","transitive","true","false","MIT","kubeview-frontend/package-lock.json","node_modules/@adobe/css-tools"
"npm","frontend","@alloc/quick-lru","5.2.0","transitive","true","false","MIT","kubeview-frontend/package-lock.json","node_modules/@alloc/quick-lru"
"npm","frontend","@asamuzakjp/css-color","6.0.7","transitive","true","false","MIT","kubeview-frontend/package-lock.json","node_modules/@asamuzakjp/css-color"
"npm","frontend","@asamuzakjp/dom-selector","8.3.2","transitive","true","false","MIT","kubeview-frontend/package-lock.json","node_modules/@asamuzakjp/dom-selector"
"npm","frontend","@babel/code-frame","7.29.0","transitive","true","false","MIT","kubeview-frontend/package-lock.json","node_modules/@babel/code-frame"
"npm","frontend","@babel/compat-data","7.29.0","transitive","true","false","MIT","kubeview-frontend/package-lock.json","node_modules/@babel/compat-data"
"npm","frontend","@babel/core","7.29.0","transitive","true","false","MIT","kubeview-frontend/package-lock.json","node_modules/@babel/core"
"npm","frontend","@babel/generator","7.29.1","transitive","true","false","MIT","kubeview-frontend/package-lock.json","node_modules/@babel/generator"
"npm","frontend","@babel/helper-compilation-targets","7.28.6","transitive","true","false","MIT","kubeview-frontend/package-lock.json","node_modules/@babel/helper-compilation-targets"
"npm","frontend","@babel/helper-globals","7.28.0","transitive","true","false","MIT","kubeview-frontend/package-lock.json","node_modules/@babel/helper-globals"
"npm","frontend","@babel/helper-module-imports","7.28.6","transitive","true","false","MIT","kubeview-frontend/package-lock.json","node_modules/@babel/helper-module-imports"
"npm","frontend","@babel/helper-module-transforms","7.28.6","transitive","true","false","MIT","kubeview-frontend/package-lock.json","node_modules/@babel/helper-module-transforms"
"npm","frontend","@babel/helper-string-parser","7.27.1","transitive","true","false","MIT","kubeview-frontend/package-lock.json","node_modules/@babel/helper-string-parser"
"npm","frontend","@babel/helper-validator-identifier","7.28.5","transitive","true","false","MIT","kubeview-frontend/package-lock.json","node_modules/@babel/helper-validator-identifier"
"npm","frontend","@babel/helper-validator-option","7.27.1","transitive","true","false","MIT","kubeview-frontend/package-lock.json","node_modules/@babel/helper-validator-option"
"npm","frontend","@babel/helpers","7.28.6","transitive","true","false","MIT","kubeview-frontend/package-lock.json","node_modules/@babel/helpers"
"npm","frontend","@babel/parser","7.29.0","transitive","true","false","MIT","kubeview-frontend/package-lock.json","node_modules/@babel/parser"
"npm","frontend","@babel/runtime","7.29.7","transitive","true","false","MIT","kubeview-frontend/package-lock.json","node_modules/@babel/runtime"
"npm","frontend","@babel/template","7.28.6","transitive","true","false","MIT","kubeview-frontend/package-lock.json","node_modules/@babel/template"
"npm","frontend","@babel/traverse","7.29.0","transitive","true","false","MIT","kubeview-frontend/package-lock.json","node_modules/@babel/traverse"
"npm","frontend","@babel/types","7.29.0","transitive","true","false","MIT","kubeview-frontend/package-lock.json","node_modules/@babel/types"
"npm","frontend","@bramus/specificity","2.4.2","transitive","true","false","MIT","kubeview-frontend/package-lock.json","node_modules/@bramus/specificity"
"npm","frontend","@csstools/color-helpers","6.1.1","transitive","true","false","MIT-0","kubeview-frontend/package-lock.json","node_modules/@csstools/color-helpers"
"npm","frontend","@csstools/css-calc","3.3.0","transitive","true","false","MIT","kubeview-frontend/package-lock.json","node_modules/@csstools/css-calc"
"npm","frontend","@csstools/css-color-parser","4.2.1","transitive","true","false","MIT","kubeview-frontend/package-lock.json","node_modules/@csstools/css-color-parser"
"npm","frontend","@csstools/css-parser-algorithms","4.0.0","transitive","true","false","MIT","kubeview-frontend/package-lock.json","node_modules/@csstools/css-parser-algorithms"
"npm","frontend","@csstools/css-syntax-patches-for-csstree","1.1.9","transitive","true","false","MIT-0","kubeview-frontend/package-lock.json","node_modules/@csstools/css-syntax-patches-for-csstree"
"npm","frontend","@csstools/css-tokenizer","4.0.0","transitive","true","false","MIT","kubeview-frontend/package-lock.json","node_modules/@csstools/css-tokenizer"
"npm","frontend","@emnapi/core","1.8.1","transitive","true","true","MIT","kubeview-frontend/package-lock.json","node_modules/@emnapi/core"
"npm","frontend","@emnapi/runtime","1.8.1","transitive","false","true","MIT","kubeview-frontend/package-lock.json","node_modules/@emnapi/runtime"
"npm","frontend","@emnapi/wasi-threads","1.1.0","transitive","true","true","MIT","kubeview-frontend/package-lock.json","node_modules/@emnapi/wasi-threads"
"npm","frontend","@eslint-community/eslint-utils","4.9.1","transitive","true","false","MIT","kubeview-frontend/package-lock.json","node_modules/@eslint-community/eslint-utils"
"npm","frontend","@eslint-community/regexpp","4.12.2","transitive","true","false","MIT","kubeview-frontend/package-lock.json","node_modules/@eslint-community/regexpp"
"npm","frontend","@eslint/config-array","0.21.1","transitive","true","false","Apache-2.0","kubeview-frontend/package-lock.json","node_modules/@eslint/config-array"
"npm","frontend","@eslint/config-helpers","0.4.2","transitive","true","false","Apache-2.0","kubeview-frontend/package-lock.json","node_modules/@eslint/config-helpers"
"npm","frontend","@eslint/core","0.17.0","transitive","true","false","Apache-2.0","kubeview-frontend/package-lock.json","node_modules/@eslint/core"
"npm","frontend","@eslint/eslintrc","3.3.4","transitive","true","false","MIT","kubeview-frontend/package-lock.json","node_modules/@eslint/eslintrc"
"npm","frontend","@eslint/js","9.39.3","transitive","true","false","MIT","kubeview-frontend/package-lock.json","node_modules/@eslint/js"
"npm","frontend","@eslint/object-schema","2.1.7","transitive","true","false","Apache-2.0","kubeview-frontend/package-lock.json","node_modules/@eslint/object-schema"
"npm","frontend","@eslint/plugin-kit","0.4.1","transitive","true","false","Apache-2.0","kubeview-frontend/package-lock.json","node_modules/@eslint/plugin-kit"
"npm","frontend","@exodus/bytes","1.15.1","transitive","true","false","MIT","kubeview-frontend/package-lock.json","node_modules/@exodus/bytes"
"npm","frontend","@humanfs/core","0.19.1","transitive","true","false","Apache-2.0","kubeview-frontend/package-lock.json","node_modules/@humanfs/core"
"npm","frontend","@humanfs/node","0.16.7","transitive","true","false","Apache-2.0","kubeview-frontend/package-lock.json","node_modules/@humanfs/node"
"npm","frontend","@humanwhocodes/module-importer","1.0.1","transitive","true","false","Apache-2.0","kubeview-frontend/package-lock.json","node_modules/@humanwhocodes/module-importer"
"npm","frontend","@humanwhocodes/retry","0.4.3","transitive","true","false","Apache-2.0","kubeview-frontend/package-lock.json","node_modules/@humanwhocodes/retry"
"npm","frontend","@img/colour","1.1.0","transitive","false","true","MIT","kubeview-frontend/package-lock.json","node_modules/@img/colour"
"npm","frontend","@img/sharp-darwin-arm64","0.34.5","transitive","false","true","Apache-2.0","kubeview-frontend/package-lock.json","node_modules/@img/sharp-darwin-arm64"
"npm","frontend","@img/sharp-darwin-x64","0.34.5","transitive","false","true","Apache-2.0","kubeview-frontend/package-lock.json","node_modules/@img/sharp-darwin-x64"
"npm","frontend","@img/sharp-libvips-darwin-arm64","1.2.4","transitive","false","true","LGPL-3.0-or-later","kubeview-frontend/package-lock.json","node_modules/@img/sharp-libvips-darwin-arm64"
"npm","frontend","@img/sharp-libvips-darwin-x64","1.2.4","transitive","false","true","LGPL-3.0-or-later","kubeview-frontend/package-lock.json","node_modules/@img/sharp-libvips-darwin-x64"
"npm","frontend","@img/sharp-libvips-linux-arm","1.2.4","transitive","false","true","LGPL-3.0-or-later","kubeview-frontend/package-lock.json","node_modules/@img/sharp-libvips-linux-arm"
"npm","frontend","@img/sharp-libvips-linux-arm64","1.2.4","transitive","false","true","LGPL-3.0-or-later","kubeview-frontend/package-lock.json","node_modules/@img/sharp-libvips-linux-arm64"
"npm","frontend","@img/sharp-libvips-linux-ppc64","1.2.4","transitive","false","true","LGPL-3.0-or-later","kubeview-frontend/package-lock.json","node_modules/@img/sharp-libvips-linux-ppc64"
"npm","frontend","@img/sharp-libvips-linux-riscv64","1.2.4","transitive","false","true","LGPL-3.0-or-later","kubeview-frontend/package-lock.json","node_modules/@img/sharp-libvips-linux-riscv64"
"npm","frontend","@img/sharp-libvips-linux-s390x","1.2.4","transitive","false","true","LGPL-3.0-or-later","kubeview-frontend/package-lock.json","node_modules/@img/sharp-libvips-linux-s390x"
"npm","frontend","@img/sharp-libvips-linux-x64","1.2.4","transitive","false","true","LGPL-3.0-or-later","kubeview-frontend/package-lock.json","node_modules/@img/sharp-libvips-linux-x64"
"npm","frontend","@img/sharp-libvips-linuxmusl-arm64","1.2.4","transitive","false","true","LGPL-3.0-or-later","kubeview-frontend/package-lock.json","node_modules/@img/sharp-libvips-linuxmusl-arm64"
"npm","frontend","@img/sharp-libvips-linuxmusl-x64","1.2.4","transitive","false","true","LGPL-3.0-or-later","kubeview-frontend/package-lock.json","node_modules/@img/sharp-libvips-linuxmusl-x64"
"npm","frontend","@img/sharp-linux-arm","0.34.5","transitive","false","true","Apache-2.0","kubeview-frontend/package-lock.json","node_modules/@img/sharp-linux-arm"
"npm","frontend","@img/sharp-linux-arm64","0.34.5","transitive","false","true","Apache-2.0","kubeview-frontend/package-lock.json","node_modules/@img/sharp-linux-arm64"
"npm","frontend","@img/sharp-linux-ppc64","0.34.5","transitive","false","true","Apache-2.0","kubeview-frontend/package-lock.json","node_modules/@img/sharp-linux-ppc64"
"npm","frontend","@img/sharp-linux-riscv64","0.34.5","transitive","false","true","Apache-2.0","kubeview-frontend/package-lock.json","node_modules/@img/sharp-linux-riscv64"
"npm","frontend","@img/sharp-linux-s390x","0.34.5","transitive","false","true","Apache-2.0","kubeview-frontend/package-lock.json","node_modules/@img/sharp-linux-s390x"
"npm","frontend","@img/sharp-linux-x64","0.34.5","transitive","false","true","Apache-2.0","kubeview-frontend/package-lock.json","node_modules/@img/sharp-linux-x64"
"npm","frontend","@img/sharp-linuxmusl-arm64","0.34.5","transitive","false","true","Apache-2.0","kubeview-frontend/package-lock.json","node_modules/@img/sharp-linuxmusl-arm64"
"npm","frontend","@img/sharp-linuxmusl-x64","0.34.5","transitive","false","true","Apache-2.0","kubeview-frontend/package-lock.json","node_modules/@img/sharp-linuxmusl-x64"
"npm","frontend","@img/sharp-wasm32","0.34.5","transitive","false","true","Apache-2.0 AND LGPL-3.0-or-later AND MIT","kubeview-frontend/package-lock.json","node_modules/@img/sharp-wasm32"
"npm","frontend","@img/sharp-win32-arm64","0.34.5","transitive","false","true","Apache-2.0 AND LGPL-3.0-or-later","kubeview-frontend/package-lock.json","node_modules/@img/sharp-win32-arm64"
"npm","frontend","@img/sharp-win32-ia32","0.34.5","transitive","false","true","Apache-2.0 AND LGPL-3.0-or-later","kubeview-frontend/package-lock.json","node_modules/@img/sharp-win32-ia32"
"npm","frontend","@img/sharp-win32-x64","0.34.5","transitive","false","true","Apache-2.0 AND LGPL-3.0-or-later","kubeview-frontend/package-lock.json","node_modules/@img/sharp-win32-x64"
"npm","frontend","@jridgewell/gen-mapping","0.3.13","transitive","true","false","MIT","kubeview-frontend/package-lock.json","node_modules/@jridgewell/gen-mapping"
"npm","frontend","@jridgewell/remapping","2.3.5","transitive","true","false","MIT","kubeview-frontend/package-lock.json","node_modules/@jridgewell/remapping"
"npm","frontend","@jridgewell/resolve-uri","3.1.2","transitive","true","false","MIT","kubeview-frontend/package-lock.json","node_modules/@jridgewell/resolve-uri"
"npm","frontend","@jridgewell/sourcemap-codec","1.5.5","transitive","true","false","MIT","kubeview-frontend/package-lock.json","node_modules/@jridgewell/sourcemap-codec"
"npm","frontend","@jridgewell/trace-mapping","0.3.31","transitive","true","false","MIT","kubeview-frontend/package-lock.json","node_modules/@jridgewell/trace-mapping"
"npm","frontend","@napi-rs/wasm-runtime","0.2.12","transitive","true","true","MIT","kubeview-frontend/package-lock.json","node_modules/@napi-rs/wasm-runtime"
"npm","frontend","@next/env","16.1.6","transitive","false","false","MIT","kubeview-frontend/package-lock.json","node_modules/@next/env"
"npm","frontend","@next/eslint-plugin-next","16.1.6","transitive","true","false","MIT","kubeview-frontend/package-lock.json","node_modules/@next/eslint-plugin-next"
"npm","frontend","@next/swc-darwin-arm64","16.1.6","transitive","false","true","MIT","kubeview-frontend/package-lock.json","node_modules/@next/swc-darwin-arm64"
"npm","frontend","@next/swc-darwin-x64","16.1.6","transitive","false","true","MIT","kubeview-frontend/package-lock.json","node_modules/@next/swc-darwin-x64"
"npm","frontend","@next/swc-linux-arm64-gnu","16.1.6","transitive","false","true","MIT","kubeview-frontend/package-lock.json","node_modules/@next/swc-linux-arm64-gnu"
"npm","frontend","@next/swc-linux-arm64-musl","16.1.6","transitive","false","true","MIT","kubeview-frontend/package-lock.json","node_modules/@next/swc-linux-arm64-musl"
"npm","frontend","@next/swc-linux-x64-gnu","16.1.6","transitive","false","true","MIT","kubeview-frontend/package-lock.json","node_modules/@next/swc-linux-x64-gnu"
"npm","frontend","@next/swc-linux-x64-musl","16.1.6","transitive","false","true","MIT","kubeview-frontend/package-lock.json","node_modules/@next/swc-linux-x64-musl"
"npm","frontend","@next/swc-win32-arm64-msvc","16.1.6","transitive","false","true","MIT","kubeview-frontend/package-lock.json","node_modules/@next/swc-win32-arm64-msvc"
"npm","frontend","@next/swc-win32-x64-msvc","16.1.6","transitive","false","true","MIT","kubeview-frontend/package-lock.json","node_modules/@next/swc-win32-x64-msvc"
"npm","frontend","@nodelib/fs.scandir","2.1.5","transitive","true","false","MIT","kubeview-frontend/package-lock.json","node_modules/@nodelib/fs.scandir"
"npm","frontend","@nodelib/fs.stat","2.0.5","transitive","true","false","MIT","kubeview-frontend/package-lock.json","node_modules/@nodelib/fs.stat"
"npm","frontend","@nodelib/fs.walk","1.2.8","transitive","true","false","MIT","kubeview-frontend/package-lock.json","node_modules/@nodelib/fs.walk"
"npm","frontend","@nolyfill/is-core-module","1.0.39","transitive","true","false","MIT","kubeview-frontend/package-lock.json","node_modules/@nolyfill/is-core-module"
"npm","frontend","@oxc-project/types","0.147.0","transitive","true","false","MIT","kubeview-frontend/package-lock.json","node_modules/@oxc-project/types"
"npm","frontend","@rolldown/binding-android-arm-eabi","1.2.6","transitive","true","true","MIT","kubeview-frontend/package-lock.json","node_modules/@rolldown/binding-android-arm-eabi"
"npm","frontend","@rolldown/binding-android-arm64","1.2.6","transitive","true","true","MIT","kubeview-frontend/package-lock.json","node_modules/@rolldown/binding-android-arm64"
"npm","frontend","@rolldown/binding-darwin-arm64","1.2.6","transitive","true","true","MIT","kubeview-frontend/package-lock.json","node_modules/@rolldown/binding-darwin-arm64"
"npm","frontend","@rolldown/binding-darwin-x64","1.2.6","transitive","true","true","MIT","kubeview-frontend/package-lock.json","node_modules/@rolldown/binding-darwin-x64"
"npm","frontend","@rolldown/binding-freebsd-x64","1.2.6","transitive","true","true","MIT","kubeview-frontend/package-lock.json","node_modules/@rolldown/binding-freebsd-x64"
"npm","frontend","@rolldown/binding-linux-arm-gnueabihf","1.2.6","transitive","true","true","MIT","kubeview-frontend/package-lock.json","node_modules/@rolldown/binding-linux-arm-gnueabihf"
"npm","frontend","@rolldown/binding-linux-arm64-gnu","1.2.6","transitive","true","true","MIT","kubeview-frontend/package-lock.json","node_modules/@rolldown/binding-linux-arm64-gnu"
"npm","frontend","@rolldown/binding-linux-arm64-musl","1.2.6","transitive","true","true","MIT","kubeview-frontend/package-lock.json","node_modules/@rolldown/binding-linux-arm64-musl"
"npm","frontend","@rolldown/binding-linux-ppc64-gnu","1.2.6","transitive","true","true","MIT","kubeview-frontend/package-lock.json","node_modules/@rolldown/binding-linux-ppc64-gnu"
"npm","frontend","@rolldown/binding-linux-s390x-gnu","1.2.6","transitive","true","true","MIT","kubeview-frontend/package-lock.json","node_modules/@rolldown/binding-linux-s390x-gnu"
"npm","frontend","@rolldown/binding-linux-x64-gnu","1.2.6","transitive","true","true","MIT","kubeview-frontend/package-lock.json","node_modules/@rolldown/binding-linux-x64-gnu"
"npm","frontend","@rolldown/binding-linux-x64-musl","1.2.6","transitive","true","true","MIT","kubeview-frontend/package-lock.json","node_modules/@rolldown/binding-linux-x64-musl"
"npm","frontend","@rolldown/binding-openharmony-arm64","1.2.6","transitive","true","true","MIT","kubeview-frontend/package-lock.json","node_modules/@rolldown/binding-openharmony-arm64"
"npm","frontend","@rolldown/binding-win32-arm64-msvc","1.2.6","transitive","true","true","MIT","kubeview-frontend/package-lock.json","node_modules/@rolldown/binding-win32-arm64-msvc"
"npm","frontend","@rolldown/binding-win32-x64-msvc","1.2.6","transitive","true","true","MIT","kubeview-frontend/package-lock.json","node_modules/@rolldown/binding-win32-x64-msvc"
"npm","frontend","@rolldown/pluginutils","1.0.1","transitive","true","false","MIT","kubeview-frontend/package-lock.json","node_modules/@rolldown/pluginutils"
"npm","frontend","@rtsao/scc","1.1.0","transitive","true","false","MIT","kubeview-frontend/package-lock.json","node_modules/@rtsao/scc"
"npm","frontend","@standard-schema/spec","1.1.0","transitive","true","false","MIT","kubeview-frontend/package-lock.json","node_modules/@standard-schema/spec"
"npm","frontend","@swc/helpers","0.5.15","transitive","false","false","Apache-2.0","kubeview-frontend/package-lock.json","node_modules/@swc/helpers"
"npm","frontend","@tailwindcss/node","4.2.1","transitive","true","false","MIT","kubeview-frontend/package-lock.json","node_modules/@tailwindcss/node"
"npm","frontend","@tailwindcss/oxide","4.2.1","transitive","true","false","MIT","kubeview-frontend/package-lock.json","node_modules/@tailwindcss/oxide"
"npm","frontend","@tailwindcss/oxide-android-arm64","4.2.1","transitive","true","true","MIT","kubeview-frontend/package-lock.json","node_modules/@tailwindcss/oxide-android-arm64"
"npm","frontend","@tailwindcss/oxide-darwin-arm64","4.2.1","transitive","true","true","MIT","kubeview-frontend/package-lock.json","node_modules/@tailwindcss/oxide-darwin-arm64"
"npm","frontend","@tailwindcss/oxide-darwin-x64","4.2.1","transitive","true","true","MIT","kubeview-frontend/package-lock.json","node_modules/@tailwindcss/oxide-darwin-x64"
"npm","frontend","@tailwindcss/oxide-freebsd-x64","4.2.1","transitive","true","true","MIT","kubeview-frontend/package-lock.json","node_modules/@tailwindcss/oxide-freebsd-x64"
"npm","frontend","@tailwindcss/oxide-linux-arm-gnueabihf","4.2.1","transitive","true","true","MIT","kubeview-frontend/package-lock.json","node_modules/@tailwindcss/oxide-linux-arm-gnueabihf"
"npm","frontend","@tailwindcss/oxide-linux-arm64-gnu","4.2.1","transitive","true","true","MIT","kubeview-frontend/package-lock.json","node_modules/@tailwindcss/oxide-linux-arm64-gnu"
"npm","frontend","@tailwindcss/oxide-linux-arm64-musl","4.2.1","transitive","true","true","MIT","kubeview-frontend/package-lock.json","node_modules/@tailwindcss/oxide-linux-arm64-musl"
"npm","frontend","@tailwindcss/oxide-linux-x64-gnu","4.2.1","transitive","true","true","MIT","kubeview-frontend/package-lock.json","node_modules/@tailwindcss/oxide-linux-x64-gnu"
"npm","frontend","@tailwindcss/oxide-linux-x64-musl","4.2.1","transitive","true","true","MIT","kubeview-frontend/package-lock.json","node_modules/@tailwindcss/oxide-linux-x64-musl"
"npm","frontend","@tailwindcss/oxide-wasm32-wasi","4.2.1","transitive","true","true","MIT","kubeview-frontend/package-lock.json","node_modules/@tailwindcss/oxide-wasm32-wasi"
"npm","frontend","@tailwindcss/oxide-win32-arm64-msvc","4.2.1","transitive","true","true","MIT","kubeview-frontend/package-lock.json","node_modules/@tailwindcss/oxide-win32-arm64-msvc"
"npm","frontend","@tailwindcss/oxide-win32-x64-msvc","4.2.1","transitive","true","true","MIT","kubeview-frontend/package-lock.json","node_modules/@tailwindcss/oxide-win32-x64-msvc"
"npm","frontend","@tailwindcss/postcss","4.2.1","direct","true","false","MIT","kubeview-frontend/package-lock.json","node_modules/@tailwindcss/postcss"
"npm","frontend","@testing-library/dom","10.4.1","direct","true","false","MIT","kubeview-frontend/package-lock.json","node_modules/@testing-library/dom"
"npm","frontend","@testing-library/jest-dom","7.0.1","direct","true","false","MIT","kubeview-frontend/package-lock.json","node_modules/@testing-library/jest-dom"
"npm","frontend","@testing-library/react","16.3.2","direct","true","false","MIT","kubeview-frontend/package-lock.json","node_modules/@testing-library/react"
"npm","frontend","@tybys/wasm-util","0.10.1","transitive","true","true","MIT","kubeview-frontend/package-lock.json","node_modules/@tybys/wasm-util"
"npm","frontend","@types/aria-query","5.0.4","transitive","true","false","MIT","kubeview-frontend/package-lock.json","node_modules/@types/aria-query"
"npm","frontend","@types/chai","5.2.3","transitive","true","false","MIT","kubeview-frontend/package-lock.json","node_modules/@types/chai"
"npm","frontend","@types/deep-eql","4.0.2","transitive","true","false","MIT","kubeview-frontend/package-lock.json","node_modules/@types/deep-eql"
"npm","frontend","@types/estree","1.0.8","transitive","true","false","MIT","kubeview-frontend/package-lock.json","node_modules/@types/estree"
"npm","frontend","@types/json-schema","7.0.15","transitive","true","false","MIT","kubeview-frontend/package-lock.json","node_modules/@types/json-schema"
"npm","frontend","@types/json5","0.0.29","transitive","true","false","MIT","kubeview-frontend/package-lock.json","node_modules/@types/json5"
"npm","frontend","@types/node","20.19.35","direct","true","false","MIT","kubeview-frontend/package-lock.json","node_modules/@types/node"
"npm","frontend","@types/react","19.2.14","direct","true","false","MIT","kubeview-frontend/package-lock.json","node_modules/@types/react"
"npm","frontend","@types/react-dom","19.2.3","direct","true","false","MIT","kubeview-frontend/package-lock.json","node_modules/@types/react-dom"
"npm","frontend","@typescript-eslint/eslint-plugin","8.56.1","transitive","true","false","MIT","kubeview-frontend/package-lock.json","node_modules/@typescript-eslint/eslint-plugin"
"npm","frontend","@typescript-eslint/parser","8.56.1","transitive","true","false","MIT","kubeview-frontend/package-lock.json","node_modules/@typescript-eslint/parser"
"npm","frontend","@typescript-eslint/project-service","8.56.1","transitive","true","false","MIT","kubeview-frontend/package-lock.json","node_modules/@typescript-eslint/project-service"
"npm","frontend","@typescript-eslint/scope-manager","8.56.1","transitive","true","false","MIT","kubeview-frontend/package-lock.json","node_modules/@typescript-eslint/scope-manager"
"npm","frontend","@typescript-eslint/tsconfig-utils","8.56.1","transitive","true","false","MIT","kubeview-frontend/package-lock.json","node_modules/@typescript-eslint/tsconfig-utils"
"npm","frontend","@typescript-eslint/type-utils","8.56.1","transitive","true","false","MIT","kubeview-frontend/package-lock.json","node_modules/@typescript-eslint/type-utils"
"npm","frontend","@typescript-eslint/types","8.56.1","transitive","true","false","MIT","kubeview-frontend/package-lock.json","node_modules/@typescript-eslint/types"
"npm","frontend","@typescript-eslint/typescript-estree","8.56.1","transitive","true","false","MIT","kubeview-frontend/package-lock.json","node_modules/@typescript-eslint/typescript-estree"
"npm","frontend","@typescript-eslint/utils","8.56.1","transitive","true","false","MIT","kubeview-frontend/package-lock.json","node_modules/@typescript-eslint/utils"
"npm","frontend","@typescript-eslint/visitor-keys","8.56.1","transitive","true","false","MIT","kubeview-frontend/package-lock.json","node_modules/@typescript-eslint/visitor-keys"
"npm","frontend","@unrs/resolver-binding-android-arm-eabi","1.11.1","transitive","true","true","MIT","kubeview-frontend/package-lock.json","node_modules/@unrs/resolver-binding-android-arm-eabi"
"npm","frontend","@unrs/resolver-binding-android-arm64","1.11.1","transitive","true","true","MIT","kubeview-frontend/package-lock.json","node_modules/@unrs/resolver-binding-android-arm64"
"npm","frontend","@unrs/resolver-binding-darwin-arm64","1.11.1","transitive","true","true","MIT","kubeview-frontend/package-lock.json","node_modules/@unrs/resolver-binding-darwin-arm64"
"npm","frontend","@unrs/resolver-binding-darwin-x64","1.11.1","transitive","true","true","MIT","kubeview-frontend/package-lock.json","node_modules/@unrs/resolver-binding-darwin-x64"
"npm","frontend","@unrs/resolver-binding-freebsd-x64","1.11.1","transitive","true","true","MIT","kubeview-frontend/package-lock.json","node_modules/@unrs/resolver-binding-freebsd-x64"
"npm","frontend","@unrs/resolver-binding-linux-arm-gnueabihf","1.11.1","transitive","true","true","MIT","kubeview-frontend/package-lock.json","node_modules/@unrs/resolver-binding-linux-arm-gnueabihf"
"npm","frontend","@unrs/resolver-binding-linux-arm-musleabihf","1.11.1","transitive","true","true","MIT","kubeview-frontend/package-lock.json","node_modules/@unrs/resolver-binding-linux-arm-musleabihf"
"npm","frontend","@unrs/resolver-binding-linux-arm64-gnu","1.11.1","transitive","true","true","MIT","kubeview-frontend/package-lock.json","node_modules/@unrs/resolver-binding-linux-arm64-gnu"
"npm","frontend","@unrs/resolver-binding-linux-arm64-musl","1.11.1","transitive","true","true","MIT","kubeview-frontend/package-lock.json","node_modules/@unrs/resolver-binding-linux-arm64-musl"
"npm","frontend","@unrs/resolver-binding-linux-ppc64-gnu","1.11.1","transitive","true","true","MIT","kubeview-frontend/package-lock.json","node_modules/@unrs/resolver-binding-linux-ppc64-gnu"
"npm","frontend","@unrs/resolver-binding-linux-riscv64-gnu","1.11.1","transitive","true","true","MIT","kubeview-frontend/package-lock.json","node_modules/@unrs/resolver-binding-linux-riscv64-gnu"
"npm","frontend","@unrs/resolver-binding-linux-riscv64-musl","1.11.1","transitive","true","true","MIT","kubeview-frontend/package-lock.json","node_modules/@unrs/resolver-binding-linux-riscv64-musl"
"npm","frontend","@unrs/resolver-binding-linux-s390x-gnu","1.11.1","transitive","true","true","MIT","kubeview-frontend/package-lock.json","node_modules/@unrs/resolver-binding-linux-s390x-gnu"
"npm","frontend","@unrs/resolver-binding-linux-x64-gnu","1.11.1","transitive","true","true","MIT","kubeview-frontend/package-lock.json","node_modules/@unrs/resolver-binding-linux-x64-gnu"
"npm","frontend","@unrs/resolver-binding-linux-x64-musl","1.11.1","transitive","true","true","MIT","kubeview-frontend/package-lock.json","node_modules/@unrs/resolver-binding-linux-x64-musl"
"npm","frontend","@unrs/resolver-binding-wasm32-wasi","1.11.1","transitive","true","true","MIT","kubeview-frontend/package-lock.json","node_modules/@unrs/resolver-binding-wasm32-wasi"
"npm","frontend","@unrs/resolver-binding-win32-arm64-msvc","1.11.1","transitive","true","true","MIT","kubeview-frontend/package-lock.json","node_modules/@unrs/resolver-binding-win32-arm64-msvc"
"npm","frontend","@unrs/resolver-binding-win32-ia32-msvc","1.11.1","transitive","true","true","MIT","kubeview-frontend/package-lock.json","node_modules/@unrs/resolver-binding-win32-ia32-msvc"
"npm","frontend","@unrs/resolver-binding-win32-x64-msvc","1.11.1","transitive","true","true","MIT","kubeview-frontend/package-lock.json","node_modules/@unrs/resolver-binding-win32-x64-msvc"
"npm","frontend","@vitejs/plugin-react","6.1.0","direct","true","false","MIT","kubeview-frontend/package-lock.json","node_modules/@vitejs/plugin-react"
"npm","frontend","@vitest/expect","4.1.11","transitive","true","false","MIT","kubeview-frontend/package-lock.json","node_modules/@vitest/expect"
"npm","frontend","@vitest/mocker","4.1.11","transitive","true","false","MIT","kubeview-frontend/package-lock.json","node_modules/@vitest/mocker"
"npm","frontend","@vitest/pretty-format","4.1.11","transitive","true","false","MIT","kubeview-frontend/package-lock.json","node_modules/@vitest/pretty-format"
"npm","frontend","@vitest/runner","4.1.11","transitive","true","false","MIT","kubeview-frontend/package-lock.json","node_modules/@vitest/runner"
"npm","frontend","@vitest/snapshot","4.1.11","transitive","true","false","MIT","kubeview-frontend/package-lock.json","node_modules/@vitest/snapshot"
"npm","frontend","@vitest/spy","4.1.11","transitive","true","false","MIT","kubeview-frontend/package-lock.json","node_modules/@vitest/spy"
"npm","frontend","@vitest/utils","4.1.11","transitive","true","false","MIT","kubeview-frontend/package-lock.json","node_modules/@vitest/utils"
"npm","frontend","acorn","8.16.0","transitive","true","false","MIT","kubeview-frontend/package-lock.json","node_modules/acorn"
"npm","frontend","acorn-jsx","5.3.2","transitive","true","false","MIT","kubeview-frontend/package-lock.json","node_modules/acorn-jsx"
"npm","frontend","ajv","6.14.0","transitive","true","false","MIT","kubeview-frontend/package-lock.json","node_modules/ajv"
"npm","frontend","ansi-regex","5.0.1","transitive","true","false","MIT","kubeview-frontend/package-lock.json","node_modules/ansi-regex"
"npm","frontend","ansi-styles","4.3.0","transitive","true","false","MIT","kubeview-frontend/package-lock.json","node_modules/ansi-styles"
"npm","frontend","ansi-styles","5.2.0","transitive","true","false","MIT","kubeview-frontend/package-lock.json","node_modules/pretty-format/node_modules/ansi-styles"
"npm","frontend","argparse","2.0.1","transitive","true","false","Python-2.0","kubeview-frontend/package-lock.json","node_modules/argparse"
"npm","frontend","aria-query","5.3.0","transitive","true","false","Apache-2.0","kubeview-frontend/package-lock.json","node_modules/@testing-library/dom/node_modules/aria-query"
"npm","frontend","aria-query","5.3.2","transitive","true","false","Apache-2.0","kubeview-frontend/package-lock.json","node_modules/aria-query"
"npm","frontend","array-buffer-byte-length","1.0.2","transitive","true","false","MIT","kubeview-frontend/package-lock.json","node_modules/array-buffer-byte-length"
"npm","frontend","array-includes","3.1.9","transitive","true","false","MIT","kubeview-frontend/package-lock.json","node_modules/array-includes"
"npm","frontend","array.prototype.findlast","1.2.5","transitive","true","false","MIT","kubeview-frontend/package-lock.json","node_modules/array.prototype.findlast"
"npm","frontend","array.prototype.findlastindex","1.2.6","transitive","true","false","MIT","kubeview-frontend/package-lock.json","node_modules/array.prototype.findlastindex"
"npm","frontend","array.prototype.flat","1.3.3","transitive","true","false","MIT","kubeview-frontend/package-lock.json","node_modules/array.prototype.flat"
"npm","frontend","array.prototype.flatmap","1.3.3","transitive","true","false","MIT","kubeview-frontend/package-lock.json","node_modules/array.prototype.flatmap"
"npm","frontend","array.prototype.tosorted","1.1.4","transitive","true","false","MIT","kubeview-frontend/package-lock.json","node_modules/array.prototype.tosorted"
"npm","frontend","arraybuffer.prototype.slice","1.0.4","transitive","true","false","MIT","kubeview-frontend/package-lock.json","node_modules/arraybuffer.prototype.slice"
"npm","frontend","assertion-error","2.0.1","transitive","true","false","MIT","kubeview-frontend/package-lock.json","node_modules/assertion-error"
"npm","frontend","ast-types-flow","0.0.8","transitive","true","false","MIT","kubeview-frontend/package-lock.json","node_modules/ast-types-flow"
"npm","frontend","async-function","1.0.0","transitive","true","false","MIT","kubeview-frontend/package-lock.json","node_modules/async-function"
"npm","frontend","available-typed-arrays","1.0.7","transitive","true","false","MIT","kubeview-frontend/package-lock.json","node_modules/available-typed-arrays"
"npm","frontend","axe-core","4.11.1","transitive","true","false","MPL-2.0","kubeview-frontend/package-lock.json","node_modules/axe-core"
"npm","frontend","axobject-query","4.1.0","transitive","true","false","Apache-2.0","kubeview-frontend/package-lock.json","node_modules/axobject-query"
"npm","frontend","balanced-match","1.0.2","transitive","true","false","MIT","kubeview-frontend/package-lock.json","node_modules/balanced-match"
"npm","frontend","balanced-match","4.0.4","transitive","true","false","MIT","kubeview-frontend/package-lock.json","node_modules/@typescript-eslint/typescript-estree/node_modules/balanced-match"
"npm","frontend","baseline-browser-mapping","2.10.0","transitive","false","false","Apache-2.0","kubeview-frontend/package-lock.json","node_modules/baseline-browser-mapping"
"npm","frontend","bidi-js","1.0.3","transitive","true","false","MIT","kubeview-frontend/package-lock.json","node_modules/bidi-js"
"npm","frontend","brace-expansion","1.1.12","transitive","true","false","MIT","kubeview-frontend/package-lock.json","node_modules/brace-expansion"
"npm","frontend","brace-expansion","5.0.4","transitive","true","false","MIT","kubeview-frontend/package-lock.json","node_modules/@typescript-eslint/typescript-estree/node_modules/brace-expansion"
"npm","frontend","braces","3.0.3","transitive","true","false","MIT","kubeview-frontend/package-lock.json","node_modules/braces"
"npm","frontend","browserslist","4.28.1","transitive","true","false","MIT","kubeview-frontend/package-lock.json","node_modules/browserslist"
"npm","frontend","call-bind","1.0.8","transitive","true","false","MIT","kubeview-frontend/package-lock.json","node_modules/call-bind"
"npm","frontend","call-bind-apply-helpers","1.0.2","transitive","true","false","MIT","kubeview-frontend/package-lock.json","node_modules/call-bind-apply-helpers"
"npm","frontend","call-bound","1.0.4","transitive","true","false","MIT","kubeview-frontend/package-lock.json","node_modules/call-bound"
"npm","frontend","callsites","3.1.0","transitive","true","false","MIT","kubeview-frontend/package-lock.json","node_modules/callsites"
"npm","frontend","caniuse-lite","1.0.30001775","transitive","false","false","CC-BY-4.0","kubeview-frontend/package-lock.json","node_modules/caniuse-lite"
"npm","frontend","chai","6.2.2","transitive","true","false","MIT","kubeview-frontend/package-lock.json","node_modules/chai"
"npm","frontend","chalk","4.1.2","transitive","true","false","MIT","kubeview-frontend/package-lock.json","node_modules/chalk"
"npm","frontend","client-only","0.0.1","transitive","false","false","MIT","kubeview-frontend/package-lock.json","node_modules/client-only"
"npm","frontend","color-convert","2.0.1","transitive","true","false","MIT","kubeview-frontend/package-lock.json","node_modules/color-convert"
"npm","frontend","color-name","1.1.4","transitive","true","false","MIT","kubeview-frontend/package-lock.json","node_modules/color-name"
"npm","frontend","concat-map","0.0.1","transitive","true","false","MIT","kubeview-frontend/package-lock.json","node_modules/concat-map"
"npm","frontend","convert-source-map","2.0.0","transitive","true","false","MIT","kubeview-frontend/package-lock.json","node_modules/convert-source-map"
"npm","frontend","cross-spawn","7.0.6","transitive","true","false","MIT","kubeview-frontend/package-lock.json","node_modules/cross-spawn"
"npm","frontend","css-tree","3.2.1","transitive","true","false","MIT","kubeview-frontend/package-lock.json","node_modules/css-tree"
"npm","frontend","css.escape","1.5.1","transitive","true","false","MIT","kubeview-frontend/package-lock.json","node_modules/css.escape"
"npm","frontend","csstype","3.2.3","transitive","true","false","MIT","kubeview-frontend/package-lock.json","node_modules/csstype"
"npm","frontend","damerau-levenshtein","1.0.8","transitive","true","false","BSD-2-Clause","kubeview-frontend/package-lock.json","node_modules/damerau-levenshtein"
"npm","frontend","data-urls","7.0.0","transitive","true","false","MIT","kubeview-frontend/package-lock.json","node_modules/data-urls"
"npm","frontend","data-view-buffer","1.0.2","transitive","true","false","MIT","kubeview-frontend/package-lock.json","node_modules/data-view-buffer"
"npm","frontend","data-view-byte-length","1.0.2","transitive","true","false","MIT","kubeview-frontend/package-lock.json","node_modules/data-view-byte-length"
"npm","frontend","data-view-byte-offset","1.0.1","transitive","true","false","MIT","kubeview-frontend/package-lock.json","node_modules/data-view-byte-offset"
"npm","frontend","debug","3.2.7","transitive","true","false","MIT","kubeview-frontend/package-lock.json","node_modules/eslint-import-resolver-node/node_modules/debug"
"npm","frontend","debug","3.2.7","transitive","true","false","MIT","kubeview-frontend/package-lock.json","node_modules/eslint-module-utils/node_modules/debug"
"npm","frontend","debug","3.2.7","transitive","true","false","MIT","kubeview-frontend/package-lock.json","node_modules/eslint-plugin-import/node_modules/debug"
"npm","frontend","debug","4.4.3","transitive","true","false","MIT","kubeview-frontend/package-lock.json","node_modules/debug"
"npm","frontend","decimal.js","10.6.0","transitive","true","false","MIT","kubeview-frontend/package-lock.json","node_modules/decimal.js"
"npm","frontend","deep-is","0.1.4","transitive","true","false","MIT","kubeview-frontend/package-lock.json","node_modules/deep-is"
"npm","frontend","define-data-property","1.1.4","transitive","true","false","MIT","kubeview-frontend/package-lock.json","node_modules/define-data-property"
"npm","frontend","define-properties","1.2.1","transitive","true","false","MIT","kubeview-frontend/package-lock.json","node_modules/define-properties"
"npm","frontend","dequal","2.0.3","transitive","true","false","MIT","kubeview-frontend/package-lock.json","node_modules/dequal"
"npm","frontend","detect-libc","2.1.2","transitive","false","false","Apache-2.0","kubeview-frontend/package-lock.json","node_modules/detect-libc"
"npm","frontend","doctrine","2.1.0","transitive","true","false","Apache-2.0","kubeview-frontend/package-lock.json","node_modules/doctrine"
"npm","frontend","dom-accessibility-api","0.5.16","transitive","true","false","MIT","kubeview-frontend/package-lock.json","node_modules/dom-accessibility-api"
"npm","frontend","dom-accessibility-api","0.6.3","transitive","true","false","MIT","kubeview-frontend/package-lock.json","node_modules/@testing-library/jest-dom/node_modules/dom-accessibility-api"
"npm","frontend","dunder-proto","1.0.1","transitive","true","false","MIT","kubeview-frontend/package-lock.json","node_modules/dunder-proto"
"npm","frontend","electron-to-chromium","1.5.302","transitive","true","false","ISC","kubeview-frontend/package-lock.json","node_modules/electron-to-chromium"
"npm","frontend","emoji-regex","9.2.2","transitive","true","false","MIT","kubeview-frontend/package-lock.json","node_modules/emoji-regex"
"npm","frontend","enhanced-resolve","5.20.0","transitive","true","false","MIT","kubeview-frontend/package-lock.json","node_modules/enhanced-resolve"
"npm","frontend","entities","8.0.0","transitive","true","false","BSD-2-Clause","kubeview-frontend/package-lock.json","node_modules/entities"
"npm","frontend","es-abstract","1.24.1","transitive","true","false","MIT","kubeview-frontend/package-lock.json","node_modules/es-abstract"
"npm","frontend","es-define-property","1.0.1","transitive","true","false","MIT","kubeview-frontend/package-lock.json","node_modules/es-define-property"
"npm","frontend","es-errors","1.3.0","transitive","true","false","MIT","kubeview-frontend/package-lock.json","node_modules/es-errors"
"npm","frontend","es-iterator-helpers","1.2.2","transitive","true","false","MIT","kubeview-frontend/package-lock.json","node_modules/es-iterator-helpers"
"npm","frontend","es-module-lexer","2.3.2","transitive","true","false","MIT","kubeview-frontend/package-lock.json","node_modules/es-module-lexer"
"npm","frontend","es-object-atoms","1.1.1","transitive","true","false","MIT","kubeview-frontend/package-lock.json","node_modules/es-object-atoms"
"npm","frontend","es-set-tostringtag","2.1.0","transitive","true","false","MIT","kubeview-frontend/package-lock.json","node_modules/es-set-tostringtag"
"npm","frontend","es-shim-unscopables","1.1.0","transitive","true","false","MIT","kubeview-frontend/package-lock.json","node_modules/es-shim-unscopables"
"npm","frontend","es-to-primitive","1.3.0","transitive","true","false","MIT","kubeview-frontend/package-lock.json","node_modules/es-to-primitive"
"npm","frontend","escalade","3.2.0","transitive","true","false","MIT","kubeview-frontend/package-lock.json","node_modules/escalade"
"npm","frontend","escape-string-regexp","4.0.0","transitive","true","false","MIT","kubeview-frontend/package-lock.json","node_modules/escape-string-regexp"
"npm","frontend","eslint","9.39.3","direct","true","false","MIT","kubeview-frontend/package-lock.json","node_modules/eslint"
"npm","frontend","eslint-config-next","16.1.6","direct","true","false","MIT","kubeview-frontend/package-lock.json","node_modules/eslint-config-next"
"npm","frontend","eslint-import-resolver-node","0.3.9","transitive","true","false","MIT","kubeview-frontend/package-lock.json","node_modules/eslint-import-resolver-node"
"npm","frontend","eslint-import-resolver-typescript","3.10.1","transitive","true","false","ISC","kubeview-frontend/package-lock.json","node_modules/eslint-import-resolver-typescript"
"npm","frontend","eslint-module-utils","2.12.1","transitive","true","false","MIT","kubeview-frontend/package-lock.json","node_modules/eslint-module-utils"
"npm","frontend","eslint-plugin-import","2.32.0","transitive","true","false","MIT","kubeview-frontend/package-lock.json","node_modules/eslint-plugin-import"
"npm","frontend","eslint-plugin-jsx-a11y","6.10.2","transitive","true","false","MIT","kubeview-frontend/package-lock.json","node_modules/eslint-plugin-jsx-a11y"
"npm","frontend","eslint-plugin-react","7.37.5","transitive","true","false","MIT","kubeview-frontend/package-lock.json","node_modules/eslint-plugin-react"
"npm","frontend","eslint-plugin-react-hooks","7.0.1","transitive","true","false","MIT","kubeview-frontend/package-lock.json","node_modules/eslint-plugin-react-hooks"
"npm","frontend","eslint-scope","8.4.0","transitive","true","false","BSD-2-Clause","kubeview-frontend/package-lock.json","node_modules/eslint-scope"
"npm","frontend","eslint-visitor-keys","3.4.3","transitive","true","false","Apache-2.0","kubeview-frontend/package-lock.json","node_modules/@eslint-community/eslint-utils/node_modules/eslint-visitor-keys"
"npm","frontend","eslint-visitor-keys","4.2.1","transitive","true","false","Apache-2.0","kubeview-frontend/package-lock.json","node_modules/eslint-visitor-keys"
"npm","frontend","eslint-visitor-keys","5.0.1","transitive","true","false","Apache-2.0","kubeview-frontend/package-lock.json","node_modules/@typescript-eslint/visitor-keys/node_modules/eslint-visitor-keys"
"npm","frontend","espree","10.4.0","transitive","true","false","BSD-2-Clause","kubeview-frontend/package-lock.json","node_modules/espree"
"npm","frontend","esquery","1.7.0","transitive","true","false","BSD-3-Clause","kubeview-frontend/package-lock.json","node_modules/esquery"
"npm","frontend","esrecurse","4.3.0","transitive","true","false","BSD-2-Clause","kubeview-frontend/package-lock.json","node_modules/esrecurse"
"npm","frontend","estraverse","5.3.0","transitive","true","false","BSD-2-Clause","kubeview-frontend/package-lock.json","node_modules/estraverse"
"npm","frontend","estree-walker","3.0.3","transitive","true","false","MIT","kubeview-frontend/package-lock.json","node_modules/estree-walker"
"npm","frontend","esutils","2.0.3","transitive","true","false","BSD-2-Clause","kubeview-frontend/package-lock.json","node_modules/esutils"
"npm","frontend","expect-type","1.4.0","transitive","true","false","Apache-2.0","kubeview-frontend/package-lock.json","node_modules/expect-type"
"npm","frontend","fast-deep-equal","3.1.3","transitive","true","false","MIT","kubeview-frontend/package-lock.json","node_modules/fast-deep-equal"
"npm","frontend","fast-glob","3.3.1","transitive","true","false","MIT","kubeview-frontend/package-lock.json","node_modules/fast-glob"
"npm","frontend","fast-json-stable-stringify","2.1.0","transitive","true","false","MIT","kubeview-frontend/package-lock.json","node_modules/fast-json-stable-stringify"
"npm","frontend","fast-levenshtein","2.0.6","transitive","true","false","MIT","kubeview-frontend/package-lock.json","node_modules/fast-levenshtein"
"npm","frontend","fastq","1.20.1","transitive","true","false","ISC","kubeview-frontend/package-lock.json","node_modules/fastq"
"npm","frontend","fdir","6.5.0","transitive","true","false","MIT","kubeview-frontend/package-lock.json","node_modules/tinyglobby/node_modules/fdir"
"npm","frontend","file-entry-cache","8.0.0","transitive","true","false","MIT","kubeview-frontend/package-lock.json","node_modules/file-entry-cache"
"npm","frontend","fill-range","7.1.1","transitive","true","false","MIT","kubeview-frontend/package-lock.json","node_modules/fill-range"
"npm","frontend","find-up","5.0.0","transitive","true","false","MIT","kubeview-frontend/package-lock.json","node_modules/find-up"
"npm","frontend","flat-cache","4.0.1","transitive","true","false","MIT","kubeview-frontend/package-lock.json","node_modules/flat-cache"
"npm","frontend","flatted","3.3.3","transitive","true","false","ISC","kubeview-frontend/package-lock.json","node_modules/flatted"
"npm","frontend","for-each","0.3.5","transitive","true","false","MIT","kubeview-frontend/package-lock.json","node_modules/for-each"
"npm","frontend","fsevents","2.3.3","transitive","true","true","MIT","kubeview-frontend/package-lock.json","node_modules/fsevents"
"npm","frontend","function-bind","1.1.2","transitive","true","false","MIT","kubeview-frontend/package-lock.json","node_modules/function-bind"
"npm","frontend","function.prototype.name","1.1.8","transitive","true","false","MIT","kubeview-frontend/package-lock.json","node_modules/function.prototype.name"
"npm","frontend","functions-have-names","1.2.3","transitive","true","false","MIT","kubeview-frontend/package-lock.json","node_modules/functions-have-names"
"npm","frontend","generator-function","2.0.1","transitive","true","false","MIT","kubeview-frontend/package-lock.json","node_modules/generator-function"
"npm","frontend","gensync","1.0.0-beta.2","transitive","true","false","MIT","kubeview-frontend/package-lock.json","node_modules/gensync"
"npm","frontend","get-intrinsic","1.3.0","transitive","true","false","MIT","kubeview-frontend/package-lock.json","node_modules/get-intrinsic"
"npm","frontend","get-proto","1.0.1","transitive","true","false","MIT","kubeview-frontend/package-lock.json","node_modules/get-proto"
"npm","frontend","get-symbol-description","1.1.0","transitive","true","false","MIT","kubeview-frontend/package-lock.json","node_modules/get-symbol-description"
"npm","frontend","get-tsconfig","4.13.6","transitive","true","false","MIT","kubeview-frontend/package-lock.json","node_modules/get-tsconfig"
"npm","frontend","glob-parent","5.1.2","transitive","true","false","ISC","kubeview-frontend/package-lock.json","node_modules/fast-glob/node_modules/glob-parent"
"npm","frontend","glob-parent","6.0.2","transitive","true","false","ISC","kubeview-frontend/package-lock.json","node_modules/glob-parent"
"npm","frontend","globals","14.0.0","transitive","true","false","MIT","kubeview-frontend/package-lock.json","node_modules/globals"
"npm","frontend","globals","16.4.0","transitive","true","false","MIT","kubeview-frontend/package-lock.json","node_modules/eslint-config-next/node_modules/globals"
"npm","frontend","globalthis","1.0.4","transitive","true","false","MIT","kubeview-frontend/package-lock.json","node_modules/globalthis"
"npm","frontend","gopd","1.2.0","transitive","true","false","MIT","kubeview-frontend/package-lock.json","node_modules/gopd"
"npm","frontend","graceful-fs","4.2.11","transitive","true","false","ISC","kubeview-frontend/package-lock.json","node_modules/graceful-fs"
"npm","frontend","has-bigints","1.1.0","transitive","true","false","MIT","kubeview-frontend/package-lock.json","node_modules/has-bigints"
"npm","frontend","has-flag","4.0.0","transitive","true","false","MIT","kubeview-frontend/package-lock.json","node_modules/has-flag"
"npm","frontend","has-property-descriptors","1.0.2","transitive","true","false","MIT","kubeview-frontend/package-lock.json","node_modules/has-property-descriptors"
"npm","frontend","has-proto","1.2.0","transitive","true","false","MIT","kubeview-frontend/package-lock.json","node_modules/has-proto"
"npm","frontend","has-symbols","1.1.0","transitive","true","false","MIT","kubeview-frontend/package-lock.json","node_modules/has-symbols"
"npm","frontend","has-tostringtag","1.0.2","transitive","true","false","MIT","kubeview-frontend/package-lock.json","node_modules/has-tostringtag"
"npm","frontend","hasown","2.0.2","transitive","true","false","MIT","kubeview-frontend/package-lock.json","node_modules/hasown"
"npm","frontend","hermes-estree","0.25.1","transitive","true","false","MIT","kubeview-frontend/package-lock.json","node_modules/hermes-estree"
"npm","frontend","hermes-parser","0.25.1","transitive","true","false","MIT","kubeview-frontend/package-lock.json","node_modules/hermes-parser"
"npm","frontend","html-encoding-sniffer","6.0.0","transitive","true","false","MIT","kubeview-frontend/package-lock.json","node_modules/html-encoding-sniffer"
"npm","frontend","ignore","5.3.2","transitive","true","false","MIT","kubeview-frontend/package-lock.json","node_modules/ignore"
"npm","frontend","ignore","7.0.5","transitive","true","false","MIT","kubeview-frontend/package-lock.json","node_modules/@typescript-eslint/eslint-plugin/node_modules/ignore"
"npm","frontend","import-fresh","3.3.1","transitive","true","false","MIT","kubeview-frontend/package-lock.json","node_modules/import-fresh"
"npm","frontend","imurmurhash","0.1.4","transitive","true","false","MIT","kubeview-frontend/package-lock.json","node_modules/imurmurhash"
"npm","frontend","indent-string","4.0.0","transitive","true","false","MIT","kubeview-frontend/package-lock.json","node_modules/indent-string"
"npm","frontend","internal-slot","1.1.0","transitive","true","false","MIT","kubeview-frontend/package-lock.json","node_modules/internal-slot"
"npm","frontend","is-array-buffer","3.0.5","transitive","true","false","MIT","kubeview-frontend/package-lock.json","node_modules/is-array-buffer"
"npm","frontend","is-async-function","2.1.1","transitive","true","false","MIT","kubeview-frontend/package-lock.json","node_modules/is-async-function"
"npm","frontend","is-bigint","1.1.0","transitive","true","false","MIT","kubeview-frontend/package-lock.json","node_modules/is-bigint"
"npm","frontend","is-boolean-object","1.2.2","transitive","true","false","MIT","kubeview-frontend/package-lock.json","node_modules/is-boolean-object"
"npm","frontend","is-bun-module","2.0.0","transitive","true","false","MIT","kubeview-frontend/package-lock.json","node_modules/is-bun-module"
"npm","frontend","is-callable","1.2.7","transitive","true","false","MIT","kubeview-frontend/package-lock.json","node_modules/is-callable"
"npm","frontend","is-core-module","2.16.1","transitive","true","false","MIT","kubeview-frontend/package-lock.json","node_modules/is-core-module"
"npm","frontend","is-data-view","1.0.2","transitive","true","false","MIT","kubeview-frontend/package-lock.json","node_modules/is-data-view"
"npm","frontend","is-date-object","1.1.0","transitive","true","false","MIT","kubeview-frontend/package-lock.json","node_modules/is-date-object"
"npm","frontend","is-extglob","2.1.1","transitive","true","false","MIT","kubeview-frontend/package-lock.json","node_modules/is-extglob"
"npm","frontend","is-finalizationregistry","1.1.1","transitive","true","false","MIT","kubeview-frontend/package-lock.json","node_modules/is-finalizationregistry"
"npm","frontend","is-generator-function","1.1.2","transitive","true","false","MIT","kubeview-frontend/package-lock.json","node_modules/is-generator-function"
"npm","frontend","is-glob","4.0.3","transitive","true","false","MIT","kubeview-frontend/package-lock.json","node_modules/is-glob"
"npm","frontend","is-map","2.0.3","transitive","true","false","MIT","kubeview-frontend/package-lock.json","node_modules/is-map"
"npm","frontend","is-negative-zero","2.0.3","transitive","true","false","MIT","kubeview-frontend/package-lock.json","node_modules/is-negative-zero"
"npm","frontend","is-number","7.0.0","transitive","true","false","MIT","kubeview-frontend/package-lock.json","node_modules/is-number"
"npm","frontend","is-number-object","1.1.1","transitive","true","false","MIT","kubeview-frontend/package-lock.json","node_modules/is-number-object"
"npm","frontend","is-potential-custom-element-name","1.0.1","transitive","true","false","MIT","kubeview-frontend/package-lock.json","node_modules/is-potential-custom-element-name"
"npm","frontend","is-regex","1.2.1","transitive","true","false","MIT","kubeview-frontend/package-lock.json","node_modules/is-regex"
"npm","frontend","is-set","2.0.3","transitive","true","false","MIT","kubeview-frontend/package-lock.json","node_modules/is-set"
"npm","frontend","is-shared-array-buffer","1.0.4","transitive","true","false","MIT","kubeview-frontend/package-lock.json","node_modules/is-shared-array-buffer"
"npm","frontend","is-string","1.1.1","transitive","true","false","MIT","kubeview-frontend/package-lock.json","node_modules/is-string"
"npm","frontend","is-symbol","1.1.1","transitive","true","false","MIT","kubeview-frontend/package-lock.json","node_modules/is-symbol"
"npm","frontend","is-typed-array","1.1.15","transitive","true","false","MIT","kubeview-frontend/package-lock.json","node_modules/is-typed-array"
"npm","frontend","is-weakmap","2.0.2","transitive","true","false","MIT","kubeview-frontend/package-lock.json","node_modules/is-weakmap"
"npm","frontend","is-weakref","1.1.1","transitive","true","false","MIT","kubeview-frontend/package-lock.json","node_modules/is-weakref"
"npm","frontend","is-weakset","2.0.4","transitive","true","false","MIT","kubeview-frontend/package-lock.json","node_modules/is-weakset"
"npm","frontend","isarray","2.0.5","transitive","true","false","MIT","kubeview-frontend/package-lock.json","node_modules/isarray"
"npm","frontend","isexe","2.0.0","transitive","true","false","ISC","kubeview-frontend/package-lock.json","node_modules/isexe"
"npm","frontend","iterator.prototype","1.1.5","transitive","true","false","MIT","kubeview-frontend/package-lock.json","node_modules/iterator.prototype"
"npm","frontend","jiti","2.6.1","transitive","true","false","MIT","kubeview-frontend/package-lock.json","node_modules/jiti"
"npm","frontend","js-tokens","4.0.0","transitive","true","false","MIT","kubeview-frontend/package-lock.json","node_modules/js-tokens"
"npm","frontend","js-yaml","4.1.1","transitive","true","false","MIT","kubeview-frontend/package-lock.json","node_modules/js-yaml"
"npm","frontend","jsdom","30.0.1","direct","true","false","MIT","kubeview-frontend/package-lock.json","node_modules/jsdom"
"npm","frontend","jsesc","3.1.0","transitive","true","false","MIT","kubeview-frontend/package-lock.json","node_modules/jsesc"
"npm","frontend","json-buffer","3.0.1","transitive","true","false","MIT","kubeview-frontend/package-lock.json","node_modules/json-buffer"
"npm","frontend","json-schema-traverse","0.4.1","transitive","true","false","MIT","kubeview-frontend/package-lock.json","node_modules/json-schema-traverse"
"npm","frontend","json-stable-stringify-without-jsonify","1.0.1","transitive","true","false","MIT","kubeview-frontend/package-lock.json","node_modules/json-stable-stringify-without-jsonify"
"npm","frontend","json5","1.0.2","transitive","true","false","MIT","kubeview-frontend/package-lock.json","node_modules/tsconfig-paths/node_modules/json5"
"npm","frontend","json5","2.2.3","transitive","true","false","MIT","kubeview-frontend/package-lock.json","node_modules/json5"
"npm","frontend","jsx-ast-utils","3.3.5","transitive","true","false","MIT","kubeview-frontend/package-lock.json","node_modules/jsx-ast-utils"
"npm","frontend","keyv","4.5.4","transitive","true","false","MIT","kubeview-frontend/package-lock.json","node_modules/keyv"
"npm","frontend","language-subtag-registry","0.3.23","transitive","true","false","CC0-1.0","kubeview-frontend/package-lock.json","node_modules/language-subtag-registry"
"npm","frontend","language-tags","1.0.9","transitive","true","false","MIT","kubeview-frontend/package-lock.json","node_modules/language-tags"
"npm","frontend","levn","0.4.1","transitive","true","false","MIT","kubeview-frontend/package-lock.json","node_modules/levn"
"npm","frontend","lightningcss","1.31.1","transitive","true","false","MPL-2.0","kubeview-frontend/package-lock.json","node_modules/lightningcss"
"npm","frontend","lightningcss","1.33.0","transitive","true","false","MPL-2.0","kubeview-frontend/package-lock.json","node_modules/vite/node_modules/lightningcss"
"npm","frontend","lightningcss-android-arm64","1.31.1","transitive","true","true","MPL-2.0","kubeview-frontend/package-lock.json","node_modules/lightningcss-android-arm64"
"npm","frontend","lightningcss-android-arm64","1.33.0","transitive","true","true","MPL-2.0","kubeview-frontend/package-lock.json","node_modules/vite/node_modules/lightningcss-android-arm64"
"npm","frontend","lightningcss-darwin-arm64","1.31.1","transitive","true","true","MPL-2.0","kubeview-frontend/package-lock.json","node_modules/lightningcss-darwin-arm64"
"npm","frontend","lightningcss-darwin-arm64","1.33.0","transitive","true","true","MPL-2.0","kubeview-frontend/package-lock.json","node_modules/vite/node_modules/lightningcss-darwin-arm64"
"npm","frontend","lightningcss-darwin-x64","1.31.1","transitive","true","true","MPL-2.0","kubeview-frontend/package-lock.json","node_modules/lightningcss-darwin-x64"
"npm","frontend","lightningcss-darwin-x64","1.33.0","transitive","true","true","MPL-2.0","kubeview-frontend/package-lock.json","node_modules/vite/node_modules/lightningcss-darwin-x64"
"npm","frontend","lightningcss-freebsd-x64","1.31.1","transitive","true","true","MPL-2.0","kubeview-frontend/package-lock.json","node_modules/lightningcss-freebsd-x64"
"npm","frontend","lightningcss-freebsd-x64","1.33.0","transitive","true","true","MPL-2.0","kubeview-frontend/package-lock.json","node_modules/vite/node_modules/lightningcss-freebsd-x64"
"npm","frontend","lightningcss-linux-arm-gnueabihf","1.31.1","transitive","true","true","MPL-2.0","kubeview-frontend/package-lock.json","node_modules/lightningcss-linux-arm-gnueabihf"
"npm","frontend","lightningcss-linux-arm-gnueabihf","1.33.0","transitive","true","true","MPL-2.0","kubeview-frontend/package-lock.json","node_modules/vite/node_modules/lightningcss-linux-arm-gnueabihf"
"npm","frontend","lightningcss-linux-arm64-gnu","1.31.1","transitive","true","true","MPL-2.0","kubeview-frontend/package-lock.json","node_modules/lightningcss-linux-arm64-gnu"
"npm","frontend","lightningcss-linux-arm64-gnu","1.33.0","transitive","true","true","MPL-2.0","kubeview-frontend/package-lock.json","node_modules/vite/node_modules/lightningcss-linux-arm64-gnu"
"npm","frontend","lightningcss-linux-arm64-musl","1.31.1","transitive","true","true","MPL-2.0","kubeview-frontend/package-lock.json","node_modules/lightningcss-linux-arm64-musl"
"npm","frontend","lightningcss-linux-arm64-musl","1.33.0","transitive","true","true","MPL-2.0","kubeview-frontend/package-lock.json","node_modules/vite/node_modules/lightningcss-linux-arm64-musl"
"npm","frontend","lightningcss-linux-x64-gnu","1.31.1","transitive","true","true","MPL-2.0","kubeview-frontend/package-lock.json","node_modules/lightningcss-linux-x64-gnu"
"npm","frontend","lightningcss-linux-x64-gnu","1.33.0","transitive","true","true","MPL-2.0","kubeview-frontend/package-lock.json","node_modules/vite/node_modules/lightningcss-linux-x64-gnu"
"npm","frontend","lightningcss-linux-x64-musl","1.31.1","transitive","true","true","MPL-2.0","kubeview-frontend/package-lock.json","node_modules/lightningcss-linux-x64-musl"
"npm","frontend","lightningcss-linux-x64-musl","1.33.0","transitive","true","true","MPL-2.0","kubeview-frontend/package-lock.json","node_modules/vite/node_modules/lightningcss-linux-x64-musl"
"npm","frontend","lightningcss-win32-arm64-msvc","1.31.1","transitive","true","true","MPL-2.0","kubeview-frontend/package-lock.json","node_modules/lightningcss-win32-arm64-msvc"
"npm","frontend","lightningcss-win32-arm64-msvc","1.33.0","transitive","true","true","MPL-2.0","kubeview-frontend/package-lock.json","node_modules/vite/node_modules/lightningcss-win32-arm64-msvc"
"npm","frontend","lightningcss-win32-x64-msvc","1.31.1","transitive","true","true","MPL-2.0","kubeview-frontend/package-lock.json","node_modules/lightningcss-win32-x64-msvc"
"npm","frontend","lightningcss-win32-x64-msvc","1.33.0","transitive","true","true","MPL-2.0","kubeview-frontend/package-lock.json","node_modules/vite/node_modules/lightningcss-win32-x64-msvc"
"npm","frontend","locate-path","6.0.0","transitive","true","false","MIT","kubeview-frontend/package-lock.json","node_modules/locate-path"
"npm","frontend","lodash.merge","4.6.2","transitive","true","false","MIT","kubeview-frontend/package-lock.json","node_modules/lodash.merge"
"npm","frontend","loose-envify","1.4.0","transitive","true","false","MIT","kubeview-frontend/package-lock.json","node_modules/loose-envify"
"npm","frontend","lru-cache","11.5.2","transitive","true","false","BlueOak-1.0.0","kubeview-frontend/package-lock.json","node_modules/@asamuzakjp/css-color/node_modules/lru-cache"
"npm","frontend","lru-cache","11.5.2","transitive","true","false","BlueOak-1.0.0","kubeview-frontend/package-lock.json","node_modules/@asamuzakjp/dom-selector/node_modules/lru-cache"
"npm","frontend","lru-cache","11.5.2","transitive","true","false","BlueOak-1.0.0","kubeview-frontend/package-lock.json","node_modules/jsdom/node_modules/lru-cache"
"npm","frontend","lru-cache","5.1.1","transitive","true","false","ISC","kubeview-frontend/package-lock.json","node_modules/lru-cache"
"npm","frontend","lz-string","1.5.0","transitive","true","false","MIT","kubeview-frontend/package-lock.json","node_modules/lz-string"
"npm","frontend","magic-string","0.30.21","transitive","true","false","MIT","kubeview-frontend/package-lock.json","node_modules/magic-string"
"npm","frontend","math-intrinsics","1.1.0","transitive","true","false","MIT","kubeview-frontend/package-lock.json","node_modules/math-intrinsics"
"npm","frontend","mdn-data","2.27.1","transitive","true","false","CC0-1.0","kubeview-frontend/package-lock.json","node_modules/mdn-data"
"npm","frontend","merge2","1.4.1","transitive","true","false","MIT","kubeview-frontend/package-lock.json","node_modules/merge2"
"npm","frontend","micromatch","4.0.8","transitive","true","false","MIT","kubeview-frontend/package-lock.json","node_modules/micromatch"
"npm","frontend","min-indent","1.0.1","transitive","true","false","MIT","kubeview-frontend/package-lock.json","node_modules/min-indent"
"npm","frontend","minimatch","10.2.4","transitive","true","false","BlueOak-1.0.0","kubeview-frontend/package-lock.json","node_modules/@typescript-eslint/typescript-estree/node_modules/minimatch"
"npm","frontend","minimatch","3.1.5","transitive","true","false","ISC","kubeview-frontend/package-lock.json","node_modules/minimatch"
"npm","frontend","minimist","1.2.8","transitive","true","false","MIT","kubeview-frontend/package-lock.json","node_modules/minimist"
"npm","frontend","ms","2.1.3","transitive","true","false","MIT","kubeview-frontend/package-lock.json","node_modules/ms"
"npm","frontend","nanoid","3.3.18","transitive","false","false","MIT","kubeview-frontend/package-lock.json","node_modules/nanoid"
"npm","frontend","napi-postinstall","0.3.4","transitive","true","false","MIT","kubeview-frontend/package-lock.json","node_modules/napi-postinstall"
"npm","frontend","natural-compare","1.4.0","transitive","true","false","MIT","kubeview-frontend/package-lock.json","node_modules/natural-compare"
"npm","frontend","next","16.1.6","direct","false","false","MIT","kubeview-frontend/package-lock.json","node_modules/next"
"npm","frontend","node-exports-info","1.6.0","transitive","true","false","MIT","kubeview-frontend/package-lock.json","node_modules/node-exports-info"
"npm","frontend","node-releases","2.0.27","transitive","true","false","MIT","kubeview-frontend/package-lock.json","node_modules/node-releases"
"npm","frontend","object-assign","4.1.1","transitive","true","false","MIT","kubeview-frontend/package-lock.json","node_modules/object-assign"
"npm","frontend","object-inspect","1.13.4","transitive","true","false","MIT","kubeview-frontend/package-lock.json","node_modules/object-inspect"
"npm","frontend","object-keys","1.1.1","transitive","true","false","MIT","kubeview-frontend/package-lock.json","node_modules/object-keys"
"npm","frontend","object.assign","4.1.7","transitive","true","false","MIT","kubeview-frontend/package-lock.json","node_modules/object.assign"
"npm","frontend","object.entries","1.1.9","transitive","true","false","MIT","kubeview-frontend/package-lock.json","node_modules/object.entries"
"npm","frontend","object.fromentries","2.0.8","transitive","true","false","MIT","kubeview-frontend/package-lock.json","node_modules/object.fromentries"
"npm","frontend","object.groupby","1.0.3","transitive","true","false","MIT","kubeview-frontend/package-lock.json","node_modules/object.groupby"
"npm","frontend","object.values","1.2.1","transitive","true","false","MIT","kubeview-frontend/package-lock.json","node_modules/object.values"
"npm","frontend","obug","2.1.4","transitive","true","false","MIT","kubeview-frontend/package-lock.json","node_modules/obug"
"npm","frontend","optionator","0.9.4","transitive","true","false","MIT","kubeview-frontend/package-lock.json","node_modules/optionator"
"npm","frontend","own-keys","1.0.1","transitive","true","false","MIT","kubeview-frontend/package-lock.json","node_modules/own-keys"
"npm","frontend","p-limit","3.1.0","transitive","true","false","MIT","kubeview-frontend/package-lock.json","node_modules/p-limit"
"npm","frontend","p-locate","5.0.0","transitive","true","false","MIT","kubeview-frontend/package-lock.json","node_modules/p-locate"
"npm","frontend","parent-module","1.0.1","transitive","true","false","MIT","kubeview-frontend/package-lock.json","node_modules/parent-module"
"npm","frontend","parse5","8.0.1","transitive","true","false","MIT","kubeview-frontend/package-lock.json","node_modules/parse5"
"npm","frontend","path-exists","4.0.0","transitive","true","false","MIT","kubeview-frontend/package-lock.json","node_modules/path-exists"
"npm","frontend","path-key","3.1.1","transitive","true","false","MIT","kubeview-frontend/package-lock.json","node_modules/path-key"
"npm","frontend","path-parse","1.0.7","transitive","true","false","MIT","kubeview-frontend/package-lock.json","node_modules/path-parse"
"npm","frontend","pathe","2.0.3","transitive","true","false","MIT","kubeview-frontend/package-lock.json","node_modules/pathe"
"npm","frontend","picocolors","1.1.1","transitive","false","false","ISC","kubeview-frontend/package-lock.json","node_modules/picocolors"
"npm","frontend","picomatch","2.3.1","transitive","true","false","MIT","kubeview-frontend/package-lock.json","node_modules/picomatch"
"npm","frontend","picomatch","4.0.7","transitive","true","false","MIT","kubeview-frontend/package-lock.json","node_modules/tinyglobby/node_modules/picomatch"
"npm","frontend","picomatch","4.0.7","transitive","true","false","MIT","kubeview-frontend/package-lock.json","node_modules/vite/node_modules/picomatch"
"npm","frontend","picomatch","4.0.7","transitive","true","false","MIT","kubeview-frontend/package-lock.json","node_modules/vitest/node_modules/picomatch"
"npm","frontend","possible-typed-array-names","1.1.0","transitive","true","false","MIT","kubeview-frontend/package-lock.json","node_modules/possible-typed-array-names"
"npm","frontend","postcss","8.4.31","transitive","false","false","MIT","kubeview-frontend/package-lock.json","node_modules/next/node_modules/postcss"
"npm","frontend","postcss","8.5.26","transitive","true","false","MIT","kubeview-frontend/package-lock.json","node_modules/postcss"
"npm","frontend","prelude-ls","1.2.1","transitive","true","false","MIT","kubeview-frontend/package-lock.json","node_modules/prelude-ls"
"npm","frontend","pretty-format","27.5.1","transitive","true","false","MIT","kubeview-frontend/package-lock.json","node_modules/pretty-format"
"npm","frontend","prop-types","15.8.1","transitive","true","false","MIT","kubeview-frontend/package-lock.json","node_modules/prop-types"
"npm","frontend","punycode","2.3.1","transitive","true","false","MIT","kubeview-frontend/package-lock.json","node_modules/punycode"
"npm","frontend","queue-microtask","1.2.3","transitive","true","false","MIT","kubeview-frontend/package-lock.json","node_modules/queue-microtask"
"npm","frontend","react","19.2.3","direct","false","false","MIT","kubeview-frontend/package-lock.json","node_modules/react"
"npm","frontend","react-dom","19.2.3","direct","false","false","MIT","kubeview-frontend/package-lock.json","node_modules/react-dom"
"npm","frontend","react-is","16.13.1","transitive","true","false","MIT","kubeview-frontend/package-lock.json","node_modules/react-is"
"npm","frontend","react-is","17.0.2","transitive","true","false","MIT","kubeview-frontend/package-lock.json","node_modules/pretty-format/node_modules/react-is"
"npm","frontend","redent","3.0.0","transitive","true","false","MIT","kubeview-frontend/package-lock.json","node_modules/redent"
"npm","frontend","reflect.getprototypeof","1.0.10","transitive","true","false","MIT","kubeview-frontend/package-lock.json","node_modules/reflect.getprototypeof"
"npm","frontend","regexp.prototype.flags","1.5.4","transitive","true","false","MIT","kubeview-frontend/package-lock.json","node_modules/regexp.prototype.flags"
"npm","frontend","require-from-string","2.0.2","transitive","true","false","MIT","kubeview-frontend/package-lock.json","node_modules/require-from-string"
"npm","frontend","resolve","1.22.11","transitive","true","false","MIT","kubeview-frontend/package-lock.json","node_modules/resolve"
"npm","frontend","resolve","2.0.0-next.6","transitive","true","false","MIT","kubeview-frontend/package-lock.json","node_modules/eslint-plugin-react/node_modules/resolve"
"npm","frontend","resolve-from","4.0.0","transitive","true","false","MIT","kubeview-frontend/package-lock.json","node_modules/resolve-from"
"npm","frontend","resolve-pkg-maps","1.0.0","transitive","true","false","MIT","kubeview-frontend/package-lock.json","node_modules/resolve-pkg-maps"
"npm","frontend","reusify","1.1.0","transitive","true","false","MIT","kubeview-frontend/package-lock.json","node_modules/reusify"
"npm","frontend","rolldown","1.2.6","transitive","true","false","MIT","kubeview-frontend/package-lock.json","node_modules/rolldown"
"npm","frontend","run-parallel","1.2.0","transitive","true","false","MIT","kubeview-frontend/package-lock.json","node_modules/run-parallel"
"npm","frontend","safe-array-concat","1.1.3","transitive","true","false","MIT","kubeview-frontend/package-lock.json","node_modules/safe-array-concat"
"npm","frontend","safe-push-apply","1.0.0","transitive","true","false","MIT","kubeview-frontend/package-lock.json","node_modules/safe-push-apply"
"npm","frontend","safe-regex-test","1.1.0","transitive","true","false","MIT","kubeview-frontend/package-lock.json","node_modules/safe-regex-test"
"npm","frontend","saxes","6.0.0","transitive","true","false","ISC","kubeview-frontend/package-lock.json","node_modules/saxes"
"npm","frontend","scheduler","0.27.0","transitive","false","false","MIT","kubeview-frontend/package-lock.json","node_modules/scheduler"
"npm","frontend","semver","6.3.1","transitive","true","false","ISC","kubeview-frontend/package-lock.json","node_modules/semver"
"npm","frontend","semver","7.7.4","transitive","true","false","ISC","kubeview-frontend/package-lock.json","node_modules/@typescript-eslint/typescript-estree/node_modules/semver"
"npm","frontend","semver","7.7.4","transitive","true","false","ISC","kubeview-frontend/package-lock.json","node_modules/is-bun-module/node_modules/semver"
"npm","frontend","semver","7.7.4","transitive","false","true","ISC","kubeview-frontend/package-lock.json","node_modules/sharp/node_modules/semver"
"npm","frontend","set-function-length","1.2.2","transitive","true","false","MIT","kubeview-frontend/package-lock.json","node_modules/set-function-length"
"npm","frontend","set-function-name","2.0.2","transitive","true","false","MIT","kubeview-frontend/package-lock.json","node_modules/set-function-name"
"npm","frontend","set-proto","1.0.0","transitive","true","false","MIT","kubeview-frontend/package-lock.json","node_modules/set-proto"
"npm","frontend","sharp","0.34.5","transitive","false","true","Apache-2.0","kubeview-frontend/package-lock.json","node_modules/sharp"
"npm","frontend","shebang-command","2.0.0","transitive","true","false","MIT","kubeview-frontend/package-lock.json","node_modules/shebang-command"
"npm","frontend","shebang-regex","3.0.0","transitive","true","false","MIT","kubeview-frontend/package-lock.json","node_modules/shebang-regex"
"npm","frontend","side-channel","1.1.0","transitive","true","false","MIT","kubeview-frontend/package-lock.json","node_modules/side-channel"
"npm","frontend","side-channel-list","1.0.0","transitive","true","false","MIT","kubeview-frontend/package-lock.json","node_modules/side-channel-list"
"npm","frontend","side-channel-map","1.0.1","transitive","true","false","MIT","kubeview-frontend/package-lock.json","node_modules/side-channel-map"
"npm","frontend","side-channel-weakmap","1.0.2","transitive","true","false","MIT","kubeview-frontend/package-lock.json","node_modules/side-channel-weakmap"
"npm","frontend","siginfo","2.0.0","transitive","true","false","ISC","kubeview-frontend/package-lock.json","node_modules/siginfo"
"npm","frontend","source-map-js","1.2.1","transitive","false","false","BSD-3-Clause","kubeview-frontend/package-lock.json","node_modules/source-map-js"
"npm","frontend","stable-hash","0.0.5","transitive","true","false","MIT","kubeview-frontend/package-lock.json","node_modules/stable-hash"
"npm","frontend","stackback","0.0.2","transitive","true","false","MIT","kubeview-frontend/package-lock.json","node_modules/stackback"
"npm","frontend","std-env","4.2.0","transitive","true","false","MIT","kubeview-frontend/package-lock.json","node_modules/std-env"
"npm","frontend","stop-iteration-iterator","1.1.0","transitive","true","false","MIT","kubeview-frontend/package-lock.json","node_modules/stop-iteration-iterator"
"npm","frontend","string.prototype.includes","2.0.1","transitive","true","false","MIT","kubeview-frontend/package-lock.json","node_modules/string.prototype.includes"
"npm","frontend","string.prototype.matchall","4.0.12","transitive","true","false","MIT","kubeview-frontend/package-lock.json","node_modules/string.prototype.matchall"
"npm","frontend","string.prototype.repeat","1.0.0","transitive","true","false","MIT","kubeview-frontend/package-lock.json","node_modules/string.prototype.repeat"
"npm","frontend","string.prototype.trim","1.2.10","transitive","true","false","MIT","kubeview-frontend/package-lock.json","node_modules/string.prototype.trim"
"npm","frontend","string.prototype.trimend","1.0.9","transitive","true","false","MIT","kubeview-frontend/package-lock.json","node_modules/string.prototype.trimend"
"npm","frontend","string.prototype.trimstart","1.0.8","transitive","true","false","MIT","kubeview-frontend/package-lock.json","node_modules/string.prototype.trimstart"
"npm","frontend","strip-bom","3.0.0","transitive","true","false","MIT","kubeview-frontend/package-lock.json","node_modules/strip-bom"
"npm","frontend","strip-indent","3.0.0","transitive","true","false","MIT","kubeview-frontend/package-lock.json","node_modules/strip-indent"
"npm","frontend","strip-json-comments","3.1.1","transitive","true","false","MIT","kubeview-frontend/package-lock.json","node_modules/strip-json-comments"
"npm","frontend","styled-jsx","5.1.6","transitive","false","false","MIT","kubeview-frontend/package-lock.json","node_modules/styled-jsx"
"npm","frontend","supports-color","7.2.0","transitive","true","false","MIT","kubeview-frontend/package-lock.json","node_modules/supports-color"
"npm","frontend","supports-preserve-symlinks-flag","1.0.0","transitive","true","false","MIT","kubeview-frontend/package-lock.json","node_modules/supports-preserve-symlinks-flag"
"npm","frontend","symbol-tree","3.2.4","transitive","true","false","MIT","kubeview-frontend/package-lock.json","node_modules/symbol-tree"
"npm","frontend","tailwindcss","4.2.1","direct","true","false","MIT","kubeview-frontend/package-lock.json","node_modules/tailwindcss"
"npm","frontend","tapable","2.3.0","transitive","true","false","MIT","kubeview-frontend/package-lock.json","node_modules/tapable"
"npm","frontend","tinybench","2.9.0","transitive","true","false","MIT","kubeview-frontend/package-lock.json","node_modules/tinybench"
"npm","frontend","tinyexec","1.3.0","transitive","true","false","MIT","kubeview-frontend/package-lock.json","node_modules/tinyexec"
"npm","frontend","tinyglobby","0.2.17","transitive","true","false","MIT","kubeview-frontend/package-lock.json","node_modules/tinyglobby"
"npm","frontend","tinyrainbow","3.1.1","transitive","true","false","MIT","kubeview-frontend/package-lock.json","node_modules/tinyrainbow"
"npm","frontend","tldts","7.4.11","transitive","true","false","MIT","kubeview-frontend/package-lock.json","node_modules/tldts"
"npm","frontend","tldts-core","7.4.11","transitive","true","false","MIT","kubeview-frontend/package-lock.json","node_modules/tldts-core"
"npm","frontend","to-regex-range","5.0.1","transitive","true","false","MIT","kubeview-frontend/package-lock.json","node_modules/to-regex-range"
"npm","frontend","tough-cookie","6.0.2","transitive","true","false","BSD-3-Clause","kubeview-frontend/package-lock.json","node_modules/tough-cookie"
"npm","frontend","tr46","6.0.0","transitive","true","false","MIT","kubeview-frontend/package-lock.json","node_modules/tr46"
"npm","frontend","ts-api-utils","2.4.0","transitive","true","false","MIT","kubeview-frontend/package-lock.json","node_modules/ts-api-utils"
"npm","frontend","tsconfig-paths","3.15.0","transitive","true","false","MIT","kubeview-frontend/package-lock.json","node_modules/tsconfig-paths"
"npm","frontend","tslib","2.8.1","transitive","false","false","0BSD","kubeview-frontend/package-lock.json","node_modules/tslib"
"npm","frontend","type-check","0.4.0","transitive","true","false","MIT","kubeview-frontend/package-lock.json","node_modules/type-check"
"npm","frontend","typed-array-buffer","1.0.3","transitive","true","false","MIT","kubeview-frontend/package-lock.json","node_modules/typed-array-buffer"
"npm","frontend","typed-array-byte-length","1.0.3","transitive","true","false","MIT","kubeview-frontend/package-lock.json","node_modules/typed-array-byte-length"
"npm","frontend","typed-array-byte-offset","1.0.4","transitive","true","false","MIT","kubeview-frontend/package-lock.json","node_modules/typed-array-byte-offset"
"npm","frontend","typed-array-length","1.0.7","transitive","true","false","MIT","kubeview-frontend/package-lock.json","node_modules/typed-array-length"
"npm","frontend","typescript","5.9.3","direct","true","false","Apache-2.0","kubeview-frontend/package-lock.json","node_modules/typescript"
"npm","frontend","typescript-eslint","8.56.1","transitive","true","false","MIT","kubeview-frontend/package-lock.json","node_modules/typescript-eslint"
"npm","frontend","unbox-primitive","1.1.0","transitive","true","false","MIT","kubeview-frontend/package-lock.json","node_modules/unbox-primitive"
"npm","frontend","undici","8.10.0","transitive","true","false","MIT","kubeview-frontend/package-lock.json","node_modules/undici"
"npm","frontend","undici-types","6.21.0","transitive","true","false","MIT","kubeview-frontend/package-lock.json","node_modules/undici-types"
"npm","frontend","unrs-resolver","1.11.1","transitive","true","false","MIT","kubeview-frontend/package-lock.json","node_modules/unrs-resolver"
"npm","frontend","update-browserslist-db","1.2.3","transitive","true","false","MIT","kubeview-frontend/package-lock.json","node_modules/update-browserslist-db"
"npm","frontend","uri-js","4.4.1","transitive","true","false","BSD-2-Clause","kubeview-frontend/package-lock.json","node_modules/uri-js"
"npm","frontend","vite","8.2.2","transitive","true","false","MIT","kubeview-frontend/package-lock.json","node_modules/vite"
"npm","frontend","vitest","4.1.11","direct","true","false","MIT","kubeview-frontend/package-lock.json","node_modules/vitest"
"npm","frontend","w3c-xmlserializer","5.0.0","transitive","true","false","MIT","kubeview-frontend/package-lock.json","node_modules/w3c-xmlserializer"
"npm","frontend","webidl-conversions","8.0.1","transitive","true","false","BSD-2-Clause","kubeview-frontend/package-lock.json","node_modules/webidl-conversions"
"npm","frontend","whatwg-mimetype","5.0.0","transitive","true","false","MIT","kubeview-frontend/package-lock.json","node_modules/whatwg-mimetype"
"npm","frontend","whatwg-url","16.0.1","transitive","true","false","MIT","kubeview-frontend/package-lock.json","node_modules/data-urls/node_modules/whatwg-url"
"npm","frontend","whatwg-url","17.1.0","transitive","true","false","MIT","kubeview-frontend/package-lock.json","node_modules/whatwg-url"
"npm","frontend","which","2.0.2","transitive","true","false","ISC","kubeview-frontend/package-lock.json","node_modules/which"
"npm","frontend","which-boxed-primitive","1.1.1","transitive","true","false","MIT","kubeview-frontend/package-lock.json","node_modules/which-boxed-primitive"
"npm","frontend","which-builtin-type","1.2.1","transitive","true","false","MIT","kubeview-frontend/package-lock.json","node_modules/which-builtin-type"
"npm","frontend","which-collection","1.0.2","transitive","true","false","MIT","kubeview-frontend/package-lock.json","node_modules/which-collection"
"npm","frontend","which-typed-array","1.1.20","transitive","true","false","MIT","kubeview-frontend/package-lock.json","node_modules/which-typed-array"
"npm","frontend","why-is-node-running","2.3.0","transitive","true","false","MIT","kubeview-frontend/package-lock.json","node_modules/why-is-node-running"
"npm","frontend","word-wrap","1.2.5","transitive","true","false","MIT","kubeview-frontend/package-lock.json","node_modules/word-wrap"
"npm","frontend","xml-name-validator","5.0.0","transitive","true","false","Apache-2.0","kubeview-frontend/package-lock.json","node_modules/xml-name-validator"
"npm","frontend","xmlchars","2.2.0","transitive","true","false","MIT","kubeview-frontend/package-lock.json","node_modules/xmlchars"
"npm","frontend","yallist","3.1.1","transitive","true","false","ISC","kubeview-frontend/package-lock.json","node_modules/yallist"
"npm","frontend","yocto-queue","0.1.0","transitive","true","false","MIT","kubeview-frontend/package-lock.json","node_modules/yocto-queue"
"npm","frontend","zod","4.3.6","transitive","true","false","MIT","kubeview-frontend/package-lock.json","node_modules/zod"
"npm","frontend","zod-validation-error","4.0.2","transitive","true","false","MIT","kubeview-frontend/package-lock.json","node_modules/zod-validation-error"
